Label,Gene name,Uniprot ID,Substitution
OG,ABL1,P00519,M244V
OG,ABL1,P00519,F359I
OG,ABL1,P00519,F317L
OG,ABL1,P00519,Q252H
OG,ABL1,P00519,F359V
OG,ABL1,P00519,V299L
OG,ABL1,P00519,E355G
OG,ABL1,P00519,L248V
OG,ABL1,P00519,T315I
OG,ABL1,P00519,F359C
OG,ABL1,P00519,E255V
OG,ABL1,P00519,E459K
OG,ABL1,P00519,L387M
OG,ACSL3,O95573,R681C
OG,ACSL3,O95573,R232Q
OG,ACSL3,O95573,T188S
OG,ACSL3,O95573,V658A
OG,AKT1,P31749,E17K
OG,AKT2,P31751,E17K
OG,AKT2,P31751,R170W
OG,ALK,Q9UM73,F1174I
OG,ALK,Q9UM73,F1174L
OG,ATIC,P31939,L384F
OG,ATP1A1,P05023,R385Q
OG,ATP1A1,P05023,R385L
OG,ATP2B3,Q16720,R482H
OG,BCL2,P10415,A131V
OG,BCL2,P10415,A131G
OG,BCL6,P41182,R594Q
OG,BRAF,P15056,G469A
OG,BRAF,P15056,K601E
OG,BRAF,P15056,V600E
OG,BRD4,O60885,C125Y
OG,BRD4,O60885,C125R
OG,CACNA1D,Q01668,A105T
OG,CARD11,Q9BXL7,F115I
OG,CARD11,Q9BXL7,L251P
OG,CARD11,Q9BXL7,D230N
OG,CCDC6,Q16204,L217P
OG,CD79B,P40259,Y196C
OG,CD79B,P40259,Y196F
OG,CD79B,P40259,Y196H
OG,CD79B,P40259,Y196N
OG,CD79B,P40259,Y196S
OG,CDH11,P55287,V62L
OG,CDK4,P11802,R24C
OG,CDK4,P11802,R24H
OG,CDK4,P11802,R24L
OG,CDK4,P11802,R24S
OG,CTNNB1,P35222,G34E
OG,CTNNB1,P35222,G34R
OG,CTNNB1,P35222,G34V
OG,CTNNB1,P35222,H36P
OG,CTNNB1,P35222,S45P
OG,CTNNB1,P35222,S37P
OG,CTNNB1,P35222,D32A
OG,CTNNB1,P35222,D32G
OG,CTNNB1,P35222,D32H
OG,CTNNB1,P35222,D32N
OG,CTNNB1,P35222,D32V
OG,CTNNB1,P35222,D32Y
OG,CTNNB1,P35222,I35S
OG,CTNNB1,P35222,S33A
OG,CTNNB1,P35222,S33C
OG,CTNNB1,P35222,S33F
OG,CTNNB1,P35222,S33P
OG,CTNNB1,P35222,S33Y
OG,CTNNB1,P35222,S45C
OG,CTNNB1,P35222,S45F
OG,CTNNB1,P35222,S45Y
OG,CTNNB1,P35222,S37A
OG,CTNNB1,P35222,S37C
OG,CTNNB1,P35222,S37F
OG,CTNNB1,P35222,S37Y
OG,CTNNB1,P35222,T41A
OG,CTNNB1,P35222,T41I
OG,EGFR,P00533,L833V
OG,EGFR,P00533,T790M
OG,EGFR,P00533,E709K
OG,EGFR,P00533,E709A
OG,EGFR,P00533,A289D
OG,EGFR,P00533,D303H
OG,EGFR,P00533,R252S
OG,EGFR,P00533,R252H
OG,EGFR,P00533,D303N
OG,EGFR,P00533,A289T
OG,EGFR,P00533,G598A
OG,EGFR,P00533,L861Q
OG,EGFR,P00533,R776H
OG,EGFR,P00533,V769L
OG,ERBB2,P04626,A293V
OG,ERBB2,P04626,R784L
OG,ERBB2,P04626,S310F
OG,ERBB2,P04626,S310P
OG,ERBB2,P04626,S310Y
OG,ERBB2,P04626,V777M
OG,ERBB3,P21860,G284R
OG,ERBB3,P21860,D297Y
OG,ERBB3,P21860,D297N
OG,ERBB3,P21860,D297V
OG,ERBB3,P21860,V104M
OG,ETV5,P41161,A177P
OG,ETV5,P41161,A177T
OG,FCRL4,Q96PJ5,L99P
OG,FGFR1,P11362,T141A
OG,FGFR3,P22607,G370C
OG,FGFR3,P22607,A391E
OG,FGFR3,P22607,S371C
OG,FGFR3,P22607,G380R
OG,FGFR3,P22607,Y373C
OG,FGFR3,P22607,K650E
OG,FGFR3,P22607,K650M
OG,FLT3,P36888,D835E
OG,FLT3,P36888,D835G
OG,FLT3,P36888,D835V
OG,FLT3,P36888,D835Y
OG,FLT3,P36888,R834Q
OG,FOXL2,P58012,C134W
OG,FOXO1,Q12778,R225H
OG,FOXO3,O43524,R222Q
OG,GATA1,P15976,V74I
OG,GNAS,O95467,D323G
OG,GNAS,O95467,D323A
OG,GNAS,O95467,D323V
OG,GNAS,O95467,R803C
OG,GNAS,O95467,D141G
OG,GNAS,O95467,R1017C
OG,GNAS,O95467,Q870H
OG,GNAS,O95467,Q870R
OG,H3F3A,P84243,G35R
OG,HRAS,P01112,G12S
OG,HRAS,P01112,G12R
OG,HRAS,P01112,G13S
OG,HRAS,P01112,G12A
OG,HRAS,P01112,G13R
OG,HRAS,P01112,G12C
OG,IKBKB,O14920,A360S
OG,IL7R,P16871,R206Q
OG,ITK,Q08881,R29L
OG,ITK,Q08881,R29H
OG,ITK,Q08881,M503V
OG,JAK1,P23458,L932R
OG,JAK1,P23458,V658F
OG,JAK2,O60674,K912T
OG,JAK3,P52333,Q501H
OG,JAK3,P52333,A573V
OG,JAK3,P52333,M511I
OG,JAK3,P52333,A572V
OG,JAK3,P52333,E183G
OG,JAK3,P52333,R657Q
OG,JUN,P05412,E112K
OG,JUN,P05412,E112Q
OG,KIT,P10721,T670I
OG,KIT,P10721,V654A
OG,KIT,P10721,V560D
OG,KIT,P10721,V560E
OG,KIT,P10721,V560G
OG,KIT,P10721,V559A
OG,KIT,P10721,V559D
OG,KIT,P10721,V559G
OG,KIT,P10721,D816H
OG,KIT,P10721,D816Y
OG,KIT,P10721,R796K
OG,KLK2,P20151,Q39H
OG,KRAS,P01116,G12S
OG,KRAS,P01116,G13S
OG,KRAS,P01116,G13A
OG,KRAS,P01116,G12A
OG,KRAS,P01116,G12R
OG,KRAS,P01116,G13C
OG,KRAS,P01116,G13R
OG,LIFR,P42702,R510H
OG,LIFR,P42702,R510C
OG,LIFR,P42702,E319K
OG,MAP2K1,Q02750,E203K
OG,MAP2K1,Q02750,E203V
OG,MAP2K1,Q02750,P124Q
OG,MAP2K1,Q02750,P124S
OG,MAP2K1,Q02750,S86A
OG,MAP2K2,P36507,P128L
OG,MED12,Q93074,Q43P
OG,MED12,Q93074,L36R
OG,MED12,Q93074,G44A
OG,MED12,Q93074,G44C
OG,MED12,Q93074,G44D
OG,MED12,Q93074,G44R
OG,MED12,Q93074,G44S
OG,MED12,Q93074,G44V
OG,MED12,Q93074,R521C
OG,MED12,Q93074,R521H
OG,MED12,Q93074,L1224F
OG,MET,P08581,E168D
OG,MPL,P40238,S505N
OG,MPL,P40238,W515A
OG,MPL,P40238,W515K
OG,MPL,P40238,W515L
OG,MPL,P40238,W515R
OG,MTCP1,P56278,R76C
OG,MTCP1,P56278,R76L
OG,NAB2,Q15742,F208L
OG,NPM1,P06748,G90R
OG,NRAS,P01111,G12S
OG,NRAS,P01111,G12R
OG,NRAS,P01111,G12A
OG,NRAS,P01111,G13R
OG,OLIG2,Q13516,A309S
OG,P2RY8,Q86VZ1,R234H
OG,PAX3,P23760,N125D
OG,PAX3,P23760,N125S
OG,PAX3,P23760,N125K
OG,PDE4DIP,Q5VU43,R1605C
OG,PDE4DIP,Q5VU43,R1605H
OG,PDE4DIP,Q5VU43,R1605L
OG,PDGFRA,P16234,N659K
OG,PIK3CA,P42336,C420R
OG,PIK3CA,P42336,N345K
OG,PIK3CA,P42336,G118D
OG,PIK3CA,P42336,R108H
OG,PIK3CA,P42336,K111E
OG,PIK3CA,P42336,M1043I
OG,PIK3CA,P42336,H1047Y
OG,PIK3CA,P42336,H1047L
OG,PIK3CA,P42336,M1043V
OG,PIK3CA,P42336,H1047R
OG,PIK3CA,P42336,E726K
OG,PIK3CA,P42336,T1025A
OG,PIK3CA,P42336,G1049R
OG,PIK3CA,P42336,E453G
OG,PIK3CA,P42336,E453Q
OG,PIK3CA,P42336,E453K
OG,PIK3CA,P42336,R88Q
OG,PIK3CA,P42336,R93W
OG,PIK3CA,P42336,E81K
OG,PIK3CA,P42336,E542G
OG,PIK3CA,P42336,E542K
OG,PIK3CA,P42336,E542Q
OG,PIK3CA,P42336,E542V
OG,PIK3CA,P42336,E545A
OG,PIK3CA,P42336,E545G
OG,PIK3CA,P42336,E545K
OG,PIK3CA,P42336,E545Q
OG,PIK3CA,P42336,Q546K
OG,PIK3CA,P42336,Q546L
OG,PIK3CA,P42336,Q546P
OG,PIK3CA,P42336,Q546R
OG,PLCG1,P19174,S345F
OG,PLCG1,P19174,R707Q
OG,PML,P29590,E363K
OG,PML,P29590,E420V
OG,PML,P29590,R295C
OG,PML,P29590,R295H
OG,PML,P29590,V452A
OG,PML,P29590,V452M
OG,PML,P29590,R360C
OG,PML,P29590,E363D
OG,PML,P29590,K487N
OG,PTPN11,Q06124,A72T
OG,PTPN11,Q06124,E76A
OG,PTPN11,Q06124,E76Q
OG,PTPN11,Q06124,D61Y
OG,PTPN11,Q06124,A72V
OG,PTPN11,Q06124,D61V
OG,PTPN11,Q06124,E76K
OG,PTPN11,Q06124,E69K
OG,RAC1,P63000,P29S
OG,RAC1,P63000,P29L
OG,RAF1,P04049,S257L
OG,RET,P07949,A883F
OG,RET,P07949,M918T
OG,RET,P07949,C630R
OG,RET,P07949,C634R
OG,RET,P07949,C634W
OG,RET,P07949,C634Y
OG,ROS1,P08922,D2213N
OG,ROS1,P08922,R1129S
OG,SDC4,P31431,F12L
OG,SETBP1,Q9Y6X0,D868N
OG,SETBP1,Q9Y6X0,E858K
OG,SETBP1,Q9Y6X0,G870D
OG,SETBP1,Q9Y6X0,G870S
OG,SETBP1,Q9Y6X0,I871S
OG,SETBP1,Q9Y6X0,I871T
OG,SF3B1,O75533,K666R
OG,SH3GL1,Q99961,R184C
OG,SMO,Q99835,L412F
OG,STAT5B,P51692,N642H
OG,STIL,Q15468,S76L
OG,SYK,P43405,K527N
OG,TCF7L2,Q9NQB0,A87T
OG,TCL1A,P56279,R83Q
OG,TPR,P12270,S2155L
OG,TRAF7,Q6Q0C0,K615E
OG,TRAF7,Q6Q0C0,R653Q
OG,TRAF7,Q6Q0C0,N520S
OG,TRAF7,Q6Q0C0,G536S
OG,TSHR,P16473,F666L
OG,TSHR,P16473,F631L
OG,WHSC1,O96028,T1150A
OG,WHSC1,O96028,E1099K
OG,WHSC1L1,Q9BZ95,T1232A
Neutral,ACY3,Q96HD9,R8Q
Neutral,ADAMTS7,Q9UKP4,G1414S
Neutral,ADAMTS7,Q9UKP4,G1583A
Neutral,ADCK5,Q3MIX3,R17S
Neutral,AGMAT,Q9BSE5,G105R
Neutral,AKAP13,Q12802,V845A
Neutral,AKAP13,Q12802,W494R
Neutral,ALDH16A1,Q8IZ83,L227V
Neutral,ALS2CR11,Q53TS8,H376Q
Neutral,AMDHD1,Q96NU7,S3G
Neutral,ANKRD2,Q9GZV1,A62T
Neutral,APOBEC1,P41238,M80I
Neutral,APOL5,Q9BWW9,S406C
Neutral,AQP10,Q96PS8,H123Y
Neutral,AQP8,O94778,A260P
Neutral,ART1,P52961,L257P
Neutral,ARVCF,O00192,V175A
Neutral,B4GALT4,O60513,Q116E
Neutral,BCDIN3D,Q7Z5W3,S288R
Neutral,BHMT,Q93088,R239Q
Neutral,C12orf45,Q8N5I9,K8Q
Neutral,C17orf53,Q8N3J3,T126P
Neutral,C17orf80,Q9BSJ5,C396R
Neutral,C6orf201,Q7Z4U5,N117K
Neutral,C9,P02748,R5W
Neutral,CAMKK2,Q96RR4,T85S
Neutral,CAMKV,Q8NCB2,N217K
Neutral,CARD9,Q9H257,S12N
Neutral,CASC5,Q8NG31,R43T
Neutral,CATSPER1,Q8NEC5,G133S
Neutral,CCDC105,Q8IYK2,P499T
Neutral,CCDC15,Q0P6D6,G529D
Neutral,CCDC54,Q8NEL0,R38Q
Neutral,CCDC78,A2IDD5,W252R
Neutral,CDH4,P55283,K625R
Neutral,CDRT1,O95170,F643L
Neutral,CDX1,P47902,P130R
Neutral,CENPBD1,B2RD01,T168I
Neutral,CEP70,Q8NHQ1,S135N
Neutral,CFH,P08603,V62I
Neutral,CFHR1,Q03591,H157Y
Neutral,CHD4,Q14839,E139D
Neutral,CIB4,A0PJX0,H181R
Neutral,CLEC3B,P05452,G106S
Neutral,COG6,Q9Y2V7,C32S
Neutral,COL15A1,P39059,M204L
Neutral,COL27A1,Q8IZC6,A422T
Neutral,COL5A3,P25940,A1488P
Neutral,COL5A3,P25940,R1207P
Neutral,COL6A6,A6NMZ7,H1799R
Neutral,COL9A1,P20849,Q621R
Neutral,COL9A1,P20849,S339P
Neutral,CORIN,Q9Y5Q5,C13Y
Neutral,CPB2,Q96IY4,A169T
Neutral,CPO,Q8IVL8,M85I
Neutral,CR1L,Q2VPA4,R116G
Neutral,CRNKL1,Q9BZJ0,F51L
Neutral,CRNKL1,Q9BZJ0,G35R
Neutral,CRYBB3,P26998,H113D
Neutral,CST5,P28325,C46R
Neutral,CSTL1,Q9H114,W88R
Neutral,CTCFL,Q8NI51,E50Q
Neutral,CYP3A7,P24462,R409T
Neutral,DHDH,Q9UQ10,S66N
Neutral,DHX37,Q8IY37,S869G
Neutral,DPY19L2,Q6NUT2,M37V
Neutral,DPY19L2,Q6NUT2,S51A
Neutral,DUSP27,Q5VZP5,E265D
Neutral,DYNC2LI1,Q8TCX1,F33S
Neutral,DYTN,A2CJ06,Q474K
Neutral,ECHS1,P30084,V11A
Neutral,EHMT2,Q96KQ7,T55N
Neutral,EME1,Q96AY2,E69D
Neutral,EML1,O00423,S556P
Neutral,ENDOG,Q14249,S12L
Neutral,FAM120AOS,Q5T036,L22F
Neutral,FAM26F,Q5R3K3,T100A
Neutral,FAM47C,Q5HY64,N924T
Neutral,FAT2,Q9NYQ8,F686S
Neutral,FGA,P02671,T331A
Neutral,FKBP15,Q5T1M5,H413Q
Neutral,FLT3,P36888,D7G
Neutral,FLVCR1,Q9Y5Y0,A52P
Neutral,FNDC1,Q4ZHG4,T438A
Neutral,FXYD5,Q96DB9,S35A
Neutral,GANC,Q8TET4,Q44R
Neutral,GCNT4,Q9P109,P439S
Neutral,GIPC2,Q8TF65,L206Q
Neutral,GJA4,P35212,P319S
Neutral,GLP1R,P43220,L260F
Neutral,GPR135,Q8IZ08,Q5P
Neutral,GPX6,P59796,F13L
Neutral,GRIN3B,O60391,W414R
Neutral,GRIN3B,O60391,Y966N
Neutral,GSTP1,P09211,I105V
Neutral,GTDC1,Q4AE62,M137I
Neutral,GTF2IRD1,Q9UHL9,M652V
Neutral,GUCA1C,O95843,V72I
Neutral,GUF1,Q8N442,L58P
Neutral,HCFC1,P51610,S1164P
Neutral,HCLS1,P14317,T235A
Neutral,HELB,Q8NG08,L191P
Neutral,HERC5,Q9UII4,M498V
Neutral,HHLA2,Q9UM44,I30T
Neutral,HINT3,Q9NQE9,G36A
Neutral,HKDC1,Q2TB90,N917K
Neutral,HRG,P04196,P204S
Neutral,HRG,P04196,R448C
Neutral,IFITM2,Q01629,M41T
Neutral,IFNA17,P01571,G45R
Neutral,IL15RA,Q13261,N182T
Neutral,IRAK1,P51617,F196S
Neutral,IRAK1,P51617,S532L
Neutral,ITIH3,Q06033,Q315K
Neutral,ITIH5,,T570P
Neutral,ITM2C,Q9NQX7,G53S
Neutral,IVL,P07476,Q237E
Neutral,KCNA7,Q96RP8,M418T
Neutral,KCNS1,Q96KK3,I489V
Neutral,KIAA1210,Q9ULL0,E1616G
Neutral,KIF4B,Q2VIQ3,R580L
Neutral,KRT12,Q99456,P15S
Neutral,KRT79,Q5XKE5,L81S
Neutral,LAD1,O00515,K323E
Neutral,LAMC3,Q9Y6N6,H73Q
Neutral,LDLRAD2,Q5SZI1,N134T
Neutral,LILRB1,Q8NHL6,I142T
Neutral,LILRB1,Q8NHL6,L68P
Neutral,LILRB1,Q8NHL6,S155I
Neutral,LRP2,P98164,N83S
Neutral,LRP8,Q14114,D46E
Neutral,LRRC24,Q50LG9,E494A
Neutral,MAEL,Q96JY0,S41A
Neutral,MAGEB16,A2A368,C128Y
Neutral,MAGEB16,A2A368,M248K
Neutral,MAGEB16,A2A368,M248V
Neutral,MAGEB18,Q96M61,P40S
Neutral,MAN2B2,Q9Y2E5,N541S
Neutral,MAN2B2,Q9Y2E5,Q243P
Neutral,MKI67,P46013,N2363S
Neutral,MMP20,O60882,V275A
Neutral,MMP21,Q8N119,V191A
Neutral,MS4A6E,Q96DS6,I6V
Neutral,MSGN1,A6NI15,E80D
Neutral,MSGN1,A6NI15,H104Y
Neutral,MTMR6,Q9Y217,I319V
Neutral,MX1,P20591,V379I
Neutral,MYH4,Q9Y623,K1911E
Neutral,MYH8,P13535,W1692R
Neutral,MYO7A,Q13402,L16S
Neutral,MYOM1,P52179,I960T
Neutral,MYOM3,Q5VTT5,T266M
Neutral,NCAM2,O15394,L350P
Neutral,NUP153,P49790,N402K
Neutral,NUP160,Q12769,T351S
Neutral,NUP62CL,Q9H1M0,I177T
Neutral,OBSCN,Q5VST9,A1532V
Neutral,OBSCN,Q5VST9,C4450R
Neutral,OBSCN,Q5VST9,D2106E
Neutral,OBSCN,Q5VST9,F2116L
Neutral,OBSCN,Q5VST9,H4381R
Neutral,OR10A6,Q8NH74,A117V
Neutral,OR10G2,Q8NGC3,R187P
Neutral,OR10G2,Q8NGC3,R209G
Neutral,OR10G4,Q8NGN3,A9V
Neutral,OR10G4,Q8NGN3,M134V
Neutral,OR10G4,Q8NGN3,V195E
Neutral,OR10H3,O60404,R54H
Neutral,OR10H3,O60404,R7S
Neutral,OR10T2,Q8NGX3,I137M
Neutral,OR10T2,Q8NGX3,V239A
Neutral,OR11H6,Q8NGC7,I107T
Neutral,OR11H6,Q8NGC7,L195F
Neutral,OR13C5,Q8NGS8,F32L
Neutral,OR13C8,Q8NGS7,A19D
Neutral,OR13C9,Q8NGT0,F197L
Neutral,OR13G1,Q8NGZ3,M146L
Neutral,OR1B1,Q8NGR6,A230T
Neutral,OR1L8,Q8NGR8,R211P
Neutral,OR1L8,Q8NGR8,T27P
Neutral,OR1N2,Q8NGR9,T301M
Neutral,OR1N2,Q8NGR9,W37R
Neutral,OR1S1,Q8NH92,S227I
Neutral,OR2G2,Q8NGZ5,R236G
Neutral,OR2L3,Q8NG85,Q169R
Neutral,OR2M2,Q96R28,C235R
Neutral,OR2T12,Q8NG77,R55T
Neutral,OR4C12,Q96R67,V283L
Neutral,OR4C16,Q8NGL9,L259P
Neutral,OR4D6,Q8NGJ1,M263T
Neutral,OR4K1,Q8NGD4,R89H
Neutral,OR51B6,Q9H340,S126N
Neutral,OR51Q1,Q8NH59,R178H
Neutral,OR51S1,Q8NGJ8,L178R
Neutral,OR52E6,Q96RD3,C64F
Neutral,OR52E6,Q96RD3,F48L
Neutral,OR52J3,Q8NH60,V128I
Neutral,OR52K1,Q8NGK4,Q52R
Neutral,OR5AK2,Q8NH90,M92I
Neutral,OR5H15,A6NDH6,T167S
Neutral,OR5H2,Q8NGV7,I286V
Neutral,OR5H6,,A145P
Neutral,OR5M11,Q96RB7,S171N
Neutral,OR6F1,Q8NGZ6,F215L
Neutral,OR7G3,Q8NG95,M29V
Neutral,OR8B3,Q8NGG8,M114I
Neutral,OR8B3,Q8NGG8,V34I
Neutral,OR8D4,Q8NGM9,R133K
Neutral,OR8D4,Q8NGM9,R298K
Neutral,OR9K2,Q8NGE7,E103A
Neutral,OR9K2,Q8NGE7,R207H
Neutral,PADI4,Q9UM07,G55S
Neutral,PADI4,Q9UM07,V82A
Neutral,PCDHA1,Q9Y5I3,Y732C
Neutral,PCDHA2,Q9Y5H9,V106L
Neutral,PCDHA4,Q9UN74,P184T
Neutral,PCDHB12,Q9Y5F1,K763E
Neutral,PCDHB15,Q9Y5E8,R494Q
Neutral,PCDHB6,Q9Y5E3,H636Q
Neutral,PCDHGA7,Q9Y5G6,E188G
Neutral,PIK3R3,Q92569,N283K
Neutral,PKD1L2,Q7Z442,L173S
Neutral,PKD1L2,Q7Z442,W73R
Neutral,PKHD1L1,Q86WI1,H923R
Neutral,PLEKHA1,Q9HB21,T320A
Neutral,POLN,Q7Z5Q5,M310L
Neutral,PRAMEF12,O95522,M157T
Neutral,PRKACG,P22612,H268D
Neutral,PRKCDBP,Q969G5,L158P
Neutral,PRPF4B,Q13523,I83V
Neutral,PTTG2,Q9NZH5,R44P
Neutral,RASGEF1C,Q8N431,E127D
Neutral,RASSF4,Q9H2L5,R88G
Neutral,RBM47,A0AV96,M565V
Neutral,RELL2,Q8NC24,L133I
Neutral,RNF149,Q8NC42,S9G
Neutral,RNF224,P0DH78,T22R
Neutral,RP1L1,,G514S
Neutral,RSAD1,Q9HA92,A119T
Neutral,SCD,O00767,M224L
Neutral,SCUBE2,Q9NQ36,L25P
Neutral,SDC4,P31431,F12L
Neutral,SFT2D3,Q587I9,R38G
Neutral,SLC28A1,O00337,V189I
Neutral,SLC6A5,Q9Y345,G102S
Neutral,SLCO2A1,Q92959,A396T
Neutral,SLCO5A1,Q9H2Y9,L33F
Neutral,SMCR8,Q8TEV9,R556H
Neutral,SNED1,Q8TER0,A1362S
Neutral,SP5,Q6BEB4,A75T
Neutral,SPACA7,Q96KW9,V111D
Neutral,SPAG1,Q07617,M777T
Neutral,SULT1C3,Q6IMI6,M194T
Neutral,SURF2,Q15527,S213G
Neutral,SYT8,Q8NBV8,R373W
Neutral,TAPBPL,Q9BX59,M146V
Neutral,TAPBPL,Q9BX59,T165A
Neutral,TAS2R16,Q9NYV7,R222H
Neutral,TAS2R9,Q9NYW1,V187A
Neutral,TBC1D8,O95759,R1079G
Neutral,TCN2,P20062,R259P
Neutral,TDGF1,P13385,V22A
Neutral,TEKT4,Q8WW24,S100G
Neutral,THAP4,Q8WY91,S121G
Neutral,TIGD4,Q8IY51,I439V
Neutral,TIGD6,Q17RP2,Q327R
Neutral,TMBIM4,Q9HC24,I88T
Neutral,TMEM104,Q8NE00,V58M
Neutral,TNFRSF11B,O00300,N3K
Neutral,TNN,Q9UQP3,R79G
Neutral,TNN,Q9UQP3,W807R
Neutral,TPSD1,Q9BZJ3,V25A
Neutral,TRAF3,Q13114,M129T
Neutral,TRMT12,Q53H54,W28R
Neutral,TSNARE1,Q96NA8,R55P
Neutral,TSPAN11,A1L157,V190A
Neutral,TTC31,Q49AM3,A28V
Neutral,TTYH2,Q9BSA4,S265A
Neutral,UBQLNL,Q8IYU4,C171R
Neutral,UGT1A6,P19224,S7A
Neutral,UGT2B28,Q9BY64,L365H
Neutral,ULK4,Q96C45,K39R
Neutral,USH2A,O75445,E3411A
Neutral,USH2A,O75445,I2169T
Neutral,USHBP1,Q8N6Y0,M439V
Neutral,USP36,Q9P275,V271I
Neutral,VNN1,O95497,T26I
Neutral,WFDC3,Q8IUB2,H36D
Neutral,WNT9B,O14905,M106T
Neutral,ZDHHC23,Q8IYP9,K247R
Neutral,ZFYVE27,Q5T4F4,G138V
Neutral,ZNF180,Q9UJW8,C272S
Neutral,ZNF184,Q99676,A27S
Neutral,ZNF23,P17027,S28G
Neutral,ZNF233,A6NK53,K531T
Neutral,ZNF263,O14978,C310S
Neutral,ZNF382,Q96SR6,E168G
Neutral,ZNF645,Q8N7E2,D166E
Neutral,ZNF79,Q15937,R51G
Neutral,ZNF80,P51504,D253A